SINONIMO NAZIONE;;;;;;;;;;;;;;;;;;;;;;
AFGHANISTAN;;;;;;;;;;;;;;;;;;;;;;
AFRICA DEL SUD;;;;;;;;;;;;;;;;;;;;;;
AFRIQUE DU SUD;;;;;;;;;;;;;;;;;;;;;;
ALAND ISLANDS;;;;;;;;;;;;;;;;;;;;;;
ALBANIA;;;;;;;;;;;;;;;;;;;;;;
ALBANIE;;;;;;;;;;;;;;;;;;;;;;
ALEMANIA;;;;;;;;;;;;;;;;;;;;;;
ALGERIA;;;;;;;;;;;;;;;;;;;;;;
ALGERIE;;;;;;;;;;;;;;;;;;;;;;
ALGÉRIE;;;;;;;;;;;;;;;;;;;;;;
ALLEMAGNE;;;;;;;;;;;;;;;;;;;;;;
ALTO VOLTA;;;;;;;;;;;;;;;;;;;;;;
AMERICA;;;;;;;;;;;;;;;;;;;;;;
AMERICAN SAMOA;;;;;;;;;;;;;;;;;;;;;;
AMSTERDAM;;;;;;;;;;;;;;;;;;;;;;
ANDORRA;;;;;;;;;;;;;;;;;;;;;;
ANDORRE;;;;;;;;;;;;;;;;;;;;;;
ANGLETERRE;;;;;;;;;;;;;;;;;;;;;;
ANGOLA;;;;;;;;;;;;;;;;;;;;;;
ANGUILLA;;;;;;;;;;;;;;;;;;;;;;
ANTARCTICA;;;;;;;;;;;;;;;;;;;;;;
ANTARTIDE;;;;;;;;;;;;;;;;;;;;;;
ANTIGUA;;;;;;;;;;;;;;;;;;;;;;
ANTIGUA AND BARBUDA;;;;;;;;;;;;;;;;;;;;;;
ANTIGUA E BARBUDA;;;;;;;;;;;;;;;;;;;;;;
ANTIGUA ET BARBUDA;;;;;;;;;;;;;;;;;;;;;;
ANTIGUA Y BARBUDA;;;;;;;;;;;;;;;;;;;;;;
ANTIGUA-ET-BARBUDA;;;;;;;;;;;;;;;;;;;;;;
ANTILLAS NEERLANDESAS;;;;;;;;;;;;;;;;;;;;;;
ANTILLE OLANDESI;;;;;;;;;;;;;;;;;;;;;;
ANTILLES NEERLANDAISES;;;;;;;;;;;;;;;;;;;;;;
ARABIA;;;;;;;;;;;;;;;;;;;;;;
ARABIA SAUDITA;;;;;;;;;;;;;;;;;;;;;;
ARABIE SAOUDITE;;;;;;;;;;;;;;;;;;;;;;
ARGENTINA;;;;;;;;;;;;;;;;;;;;;;
ARGENTINE;;;;;;;;;;;;;;;;;;;;;;
ARMENIA;;;;;;;;;;;;;;;;;;;;;;
ARMENIE;;;;;;;;;;;;;;;;;;;;;;
ARMÉNIE;;;;;;;;;;;;;;;;;;;;;;
ARUBA;;;;;;;;;;;;;;;;;;;;;;
ASCENSION;;;;;;;;;;;;;;;;;;;;;;
AUSTRALIA;;;;;;;;;;;;;;;;;;;;;;
AUSTRALIE;;;;;;;;;;;;;;;;;;;;;;
AUSTRIA;;;;;;;;;;;;;;;;;;;;;;
AUSTRICHE;;;;;;;;;;;;;;;;;;;;;;
AUTORITÀ NAZIONALE PALESTINESE;;;;;;;;;;;;;;;;;;;;;;
AUTORITA' NAZIONALE PALESTINESE;;;;;;;;;;;;;;;;;;;;;;
AUTRICHE;;;;;;;;;;;;;;;;;;;;;;
AZEIRBAIJAN;;;;;;;;;;;;;;;;;;;;;;
AZERBAIGIAN;;;;;;;;;;;;;;;;;;;;;;
AZERBAIJAN;;;;;;;;;;;;;;;;;;;;;;
AZERBAJDZAN;;;;;;;;;;;;;;;;;;;;;;
BAHAMA;;;;;;;;;;;;;;;;;;;;;;
BAHAMAS;;;;;;;;;;;;;;;;;;;;;;
BAHAMAS ISLAND;;;;;;;;;;;;;;;;;;;;;;
BAHRAIN;;;;;;;;;;;;;;;;;;;;;;
BAHREIN;;;;;;;;;;;;;;;;;;;;;;
BAHREÏN;;;;;;;;;;;;;;;;;;;;;;
BAIA GUANTANAMO;;;;;;;;;;;;;;;;;;;;;;
BANGLADESH;;;;;;;;;;;;;;;;;;;;;;
BARBADE;;;;;;;;;;;;;;;;;;;;;;
BARBADOS;;;;;;;;;;;;;;;;;;;;;;
BARBUDA;;;;;;;;;;;;;;;;;;;;;;
BELARUS;;;;;;;;;;;;;;;;;;;;;;
BÉLARUS;;;;;;;;;;;;;;;;;;;;;;
BELGICA;;;;;;;;;;;;;;;;;;;;;;
BELGIE;;;;;;;;;;;;;;;;;;;;;;
BELGIO;;;;;;;;;;;;;;;;;;;;;;
BELGIQUE;;;;;;;;;;;;;;;;;;;;;;
BELGIUM;;;;;;;;;;;;;;;;;;;;;;
BELICE;;;;;;;;;;;;;;;;;;;;;;
BELIZE;;;;;;;;;;;;;;;;;;;;;;
BENIN;;;;;;;;;;;;;;;;;;;;;;
BÉNIN;;;;;;;;;;;;;;;;;;;;;;
BERMUDA;;;;;;;;;;;;;;;;;;;;;;
BERMUDAS;;;;;;;;;;;;;;;;;;;;;;
BERMUDE;;;;;;;;;;;;;;;;;;;;;;
BERMUDES;;;;;;;;;;;;;;;;;;;;;;
BHOUTAN;;;;;;;;;;;;;;;;;;;;;;
BHUTAN;;;;;;;;;;;;;;;;;;;;;;
BIELORUSSIA;;;;;;;;;;;;;;;;;;;;;;
BIRMANIA;;;;;;;;;;;;;;;;;;;;;;
BOLIVIA;;;;;;;;;;;;;;;;;;;;;;
BOLIVIE;;;;;;;;;;;;;;;;;;;;;;
BONAIRE;;;;;;;;;;;;;;;;;;;;;;
BOSNIA;;;;;;;;;;;;;;;;;;;;;;
BOSNIA AND HERZEGOVINA;;;;;;;;;;;;;;;;;;;;;;
BOSNIA ED ERZEGOVINA;;;;;;;;;;;;;;;;;;;;;;
BOSNIA ERZEGOVINA;;;;;;;;;;;;;;;;;;;;;;
BOSNIA HERCEGOVINA;;;;;;;;;;;;;;;;;;;;;;
BOSNIA HERZEGOVINA;;;;;;;;;;;;;;;;;;;;;;
BOSNIE HERZÉGOVINE;;;;;;;;;;;;;;;;;;;;;;
BOSNIE-HERZÉGOVINE;;;;;;;;;;;;;;;;;;;;;;
BOTSWANA;;;;;;;;;;;;;;;;;;;;;;
BOUVET ISLAND;;;;;;;;;;;;;;;;;;;;;;
BRASIL;;;;;;;;;;;;;;;;;;;;;;
BRASILE;;;;;;;;;;;;;;;;;;;;;;
BRAZIL;;;;;;;;;;;;;;;;;;;;;;
BRESIL;;;;;;;;;;;;;;;;;;;;;;
BRÉSIL;;;;;;;;;;;;;;;;;;;;;;
BRITISH INDIAN OCEAN TERRITORY;;;;;;;;;;;;;;;;;;;;;;
BRITISH VIRGIN ISLANDS;;;;;;;;;;;;;;;;;;;;;;
BRUNEI;;;;;;;;;;;;;;;;;;;;;;
BRUNEI DARUSSALAM;;;;;;;;;;;;;;;;;;;;;;
BRUNI;;;;;;;;;;;;;;;;;;;;;;
BULGARIA;;;;;;;;;;;;;;;;;;;;;;
BULGARIE;;;;;;;;;;;;;;;;;;;;;;
BULGARIE (REP);;;;;;;;;;;;;;;;;;;;;;
BULGARIE (RÉP);;;;;;;;;;;;;;;;;;;;;;
BULGARIE REP;;;;;;;;;;;;;;;;;;;;;;
BULGARIE RÉP;;;;;;;;;;;;;;;;;;;;;;
BURKINA;;;;;;;;;;;;;;;;;;;;;;
BURKINA FASO;;;;;;;;;;;;;;;;;;;;;;
BURMA;;;;;;;;;;;;;;;;;;;;;;
BURUNDI;;;;;;;;;;;;;;;;;;;;;;
BYELORUSSIAN SOVIET SOCIALIST REPUBLIC;;;;;;;;;;;;;;;;;;;;;;
CABO VERDE;;;;;;;;;;;;;;;;;;;;;;
CAICOS;;;;;;;;;;;;;;;;;;;;;;
CAIMANES;;;;;;;;;;;;;;;;;;;;;;
CAIMANS;;;;;;;;;;;;;;;;;;;;;;
CAÏMANS;;;;;;;;;;;;;;;;;;;;;;
CAIMANS ISLANDS;;;;;;;;;;;;;;;;;;;;;;
CALEDONIA;;;;;;;;;;;;;;;;;;;;;;
CAMBODGE;;;;;;;;;;;;;;;;;;;;;;
CAMBODIA;;;;;;;;;;;;;;;;;;;;;;
CAMBOGIA;;;;;;;;;;;;;;;;;;;;;;
CAMEROON;;;;;;;;;;;;;;;;;;;;;;
CAMEROUN;;;;;;;;;;;;;;;;;;;;;;
CAMERUN;;;;;;;;;;;;;;;;;;;;;;
CANADA;;;;;;;;;;;;;;;;;;;;;;
CAP VERT;;;;;;;;;;;;;;;;;;;;;;
CAP-VERT;;;;;;;;;;;;;;;;;;;;;;
CAPE VERDE;;;;;;;;;;;;;;;;;;;;;;
CAPO VERDE;;;;;;;;;;;;;;;;;;;;;;
CAYMAN;;;;;;;;;;;;;;;;;;;;;;
CAYMAN ISLANDS;;;;;;;;;;;;;;;;;;;;;;
CENTRAFIQUE REP;;;;;;;;;;;;;;;;;;;;;;
CENTRAFIQUE(REP);;;;;;;;;;;;;;;;;;;;;;
CENTRAL AFRICAN REPUBLIC;;;;;;;;;;;;;;;;;;;;;;
CENTROAFRICANA;;;;;;;;;;;;;;;;;;;;;;
CEUTA;;;;;;;;;;;;;;;;;;;;;;
CHAD;;;;;;;;;;;;;;;;;;;;;;
CHAGOS;;;;;;;;;;;;;;;;;;;;;;
CHILE;;;;;;;;;;;;;;;;;;;;;;
CHILI;;;;;;;;;;;;;;;;;;;;;;
CHINA;;;;;;;;;;;;;;;;;;;;;;
CHINA PEOPLE'S REPUBLIC;;;;;;;;;;;;;;;;;;;;;;
CHINE;;;;;;;;;;;;;;;;;;;;;;
CHIPRE;;;;;;;;;;;;;;;;;;;;;;
CHRISTMAS;;;;;;;;;;;;;;;;;;;;;;
CHRISTMAS ISLAND;;;;;;;;;;;;;;;;;;;;;;
CHYPRE;;;;;;;;;;;;;;;;;;;;;;
CIAD;;;;;;;;;;;;;;;;;;;;;;
CILE;;;;;;;;;;;;;;;;;;;;;;
CINA;;;;;;;;;;;;;;;;;;;;;;
CIPRO;;;;;;;;;;;;;;;;;;;;;;
CITE DU VATICAN;;;;;;;;;;;;;;;;;;;;;;
CITTA DEL VATICANO;;;;;;;;;;;;;;;;;;;;;;
CITTÀ DEL VATICANO;;;;;;;;;;;;;;;;;;;;;;
CITTA' DEL VATICANO;;;;;;;;;;;;;;;;;;;;;;
CLIPPERTON;;;;;;;;;;;;;;;;;;;;;;
COCOS;;;;;;;;;;;;;;;;;;;;;;
COCOS (KEELING) ISLANDS;;;;;;;;;;;;;;;;;;;;;;
COCOS KEELING ISLANDS;;;;;;;;;;;;;;;;;;;;;;
COLOMBIA;;;;;;;;;;;;;;;;;;;;;;
COLOMBIE;;;;;;;;;;;;;;;;;;;;;;
COMMONWEALTH OF AUSTRALIA;;;;;;;;;;;;;;;;;;;;;;
COMORE;;;;;;;;;;;;;;;;;;;;;;
COMORES;;;;;;;;;;;;;;;;;;;;;;
COMOROS;;;;;;;;;;;;;;;;;;;;;;
CONGO;;;;;;;;;;;;;;;;;;;;;;
CONGO (BRAZZAVILLE);;;;;;;;;;;;;;;;;;;;;;
CONGO BRAZZAVILLE;;;;;;;;;;;;;;;;;;;;;;
CONGO REP DEMOCRATICA EX ZAIRE;;;;;;;;;;;;;;;;;;;;;;
CONGO REP. DEMOCRATICA (EX ZAIRE);;;;;;;;;;;;;;;;;;;;;;
CONGO THE DEMOCRATIC REPUBLIC OF THE;;;;;;;;;;;;;;;;;;;;;;
CONGO, THE DEMOCRATIC REPUBLIC OF THE;;;;;;;;;;;;;;;;;;;;;;
COOK;;;;;;;;;;;;;;;;;;;;;;
COOK ISLANDS;;;;;;;;;;;;;;;;;;;;;;
COREA;;;;;;;;;;;;;;;;;;;;;;
COREA DEL NORD;;;;;;;;;;;;;;;;;;;;;;
COREA DEL SUD;;;;;;;;;;;;;;;;;;;;;;
COREE;;;;;;;;;;;;;;;;;;;;;;
CORÉE;;;;;;;;;;;;;;;;;;;;;;
COREE POPULAIRE;;;;;;;;;;;;;;;;;;;;;;
CORÉE POPULAIRE;;;;;;;;;;;;;;;;;;;;;;
COSTA D' AVORIO;;;;;;;;;;;;;;;;;;;;;;
COSTA D'AVORIO;;;;;;;;;;;;;;;;;;;;;;
COSTA DAVORIO;;;;;;;;;;;;;;;;;;;;;;
COSTA DE MARFIL;;;;;;;;;;;;;;;;;;;;;;
COSTA RICA;;;;;;;;;;;;;;;;;;;;;;
COSTARICA;;;;;;;;;;;;;;;;;;;;;;
COTE D'IVOIRE;;;;;;;;;;;;;;;;;;;;;;
CÔTE D'IVOIRE;;;;;;;;;;;;;;;;;;;;;;
COTE DE IVOIRE;;;;;;;;;;;;;;;;;;;;;;
CROATIA;;;;;;;;;;;;;;;;;;;;;;
CROATIE;;;;;;;;;;;;;;;;;;;;;;
CROAZIA;;;;;;;;;;;;;;;;;;;;;;
CROZET;;;;;;;;;;;;;;;;;;;;;;
CUBA;;;;;;;;;;;;;;;;;;;;;;
CURACAO;;;;;;;;;;;;;;;;;;;;;;
CYPRUS;;;;;;;;;;;;;;;;;;;;;;
CZECH REPUBLIC;;;;;;;;;;;;;;;;;;;;;;
DANEMARK;;;;;;;;;;;;;;;;;;;;;;
DANIMARCA;;;;;;;;;;;;;;;;;;;;;;
DANMARK;;;;;;;;;;;;;;;;;;;;;;
DEMOCRATIC PEOPLE'S REPUBLIC OF KOREA;;;;;;;;;;;;;;;;;;;;;;
DEMOCRATIC REPUBLIC OF CONGO;;;;;;;;;;;;;;;;;;;;;;
DENMARK;;;;;;;;;;;;;;;;;;;;;;
DEUTSCHLAND;;;;;;;;;;;;;;;;;;;;;;
DINAMARCA;;;;;;;;;;;;;;;;;;;;;;
DJIBOUTI;;;;;;;;;;;;;;;;;;;;;;
DOMINICA;;;;;;;;;;;;;;;;;;;;;;
DOMINICA REPUBLIC;;;;;;;;;;;;;;;;;;;;;;
DOMINICAN REPUBLIC;;;;;;;;;;;;;;;;;;;;;;
DOMINICANA;;;;;;;;;;;;;;;;;;;;;;
DOMINIQUE;;;;;;;;;;;;;;;;;;;;;;
DUBAI;;;;;;;;;;;;;;;;;;;;;;
DUCIE;;;;;;;;;;;;;;;;;;;;;;
EAST TIMOR;;;;;;;;;;;;;;;;;;;;;;
ECUADOR;;;;;;;;;;;;;;;;;;;;;;
EGIPTO;;;;;;;;;;;;;;;;;;;;;;
EGITTO;;;;;;;;;;;;;;;;;;;;;;
EGYPT;;;;;;;;;;;;;;;;;;;;;;
EGYPTE;;;;;;;;;;;;;;;;;;;;;;
EIRE;;;;;;;;;;;;;;;;;;;;;;
EL SALVADOR;;;;;;;;;;;;;;;;;;;;;;
ELLAS;;;;;;;;;;;;;;;;;;;;;;
EMIRATI ARABI;;;;;;;;;;;;;;;;;;;;;;
EMIRATI ARABI UNITI;;;;;;;;;;;;;;;;;;;;;;
EMIRATOS ARABES UNIDOS;;;;;;;;;;;;;;;;;;;;;;
EMIRATS ARABES UNIS;;;;;;;;;;;;;;;;;;;;;;
ENGLAND;;;;;;;;;;;;;;;;;;;;;;
EQUADOR;;;;;;;;;;;;;;;;;;;;;;
EQUATEUR;;;;;;;;;;;;;;;;;;;;;;
EQUATORIAL GUINEA;;;;;;;;;;;;;;;;;;;;;;
ERITREA;;;;;;;;;;;;;;;;;;;;;;
ERYTHREE;;;;;;;;;;;;;;;;;;;;;;
ÉRYTHRÉE;;;;;;;;;;;;;;;;;;;;;;
ESPAGNE;;;;;;;;;;;;;;;;;;;;;;
ESPANA;;;;;;;;;;;;;;;;;;;;;;
ESTADOS UNIDOS DE AMERICA;;;;;;;;;;;;;;;;;;;;;;
ESTONIA;;;;;;;;;;;;;;;;;;;;;;
ESTONIE;;;;;;;;;;;;;;;;;;;;;;
ETATS UNIS;;;;;;;;;;;;;;;;;;;;;;
ÉTATS UNIS;;;;;;;;;;;;;;;;;;;;;;
ETATS UNIS DAMERIQUE;;;;;;;;;;;;;;;;;;;;;;
ETATS-UNIS;;;;;;;;;;;;;;;;;;;;;;
ÉTATS-UNIS;;;;;;;;;;;;;;;;;;;;;;
ETHIOPIA;;;;;;;;;;;;;;;;;;;;;;
ETHIOPIE;;;;;;;;;;;;;;;;;;;;;;
ETIOPIA;;;;;;;;;;;;;;;;;;;;;;
FALKLAND;;;;;;;;;;;;;;;;;;;;;;
FALKLAND ILES;;;;;;;;;;;;;;;;;;;;;;
FALKLAND ISLAND;;;;;;;;;;;;;;;;;;;;;;
FALKLAND ISLANDS;;;;;;;;;;;;;;;;;;;;;;
FALKLAND ISLANDS (MALVINAS);;;;;;;;;;;;;;;;;;;;;;
FALKLAND ISLANDS MALVINAS;;;;;;;;;;;;;;;;;;;;;;
FALKLAND ISLAS;;;;;;;;;;;;;;;;;;;;;;
FALKLAND MALVINAS;;;;;;;;;;;;;;;;;;;;;;
FALKLAND(MALVINAS);;;;;;;;;;;;;;;;;;;;;;
FANNING AND WASHINGTON;;;;;;;;;;;;;;;;;;;;;;
FANNING AND WASHINGTON ISLANDS;;;;;;;;;;;;;;;;;;;;;;
FANNING E WASHINGTON;;;;;;;;;;;;;;;;;;;;;;
FAR OER;;;;;;;;;;;;;;;;;;;;;;
FAROE;;;;;;;;;;;;;;;;;;;;;;
FAROE ISLANDS;;;;;;;;;;;;;;;;;;;;;;
FEDERATION DE RUSSIE;;;;;;;;;;;;;;;;;;;;;;
FEDERAZIONE RUSSA;;;;;;;;;;;;;;;;;;;;;;
FEROE;;;;;;;;;;;;;;;;;;;;;;
FÉROÉ;;;;;;;;;;;;;;;;;;;;;;
FIDJI;;;;;;;;;;;;;;;;;;;;;;
FIGI;;;;;;;;;;;;;;;;;;;;;;
FIJI;;;;;;;;;;;;;;;;;;;;;;
FIJI ISLAND;;;;;;;;;;;;;;;;;;;;;;
FIJI ISLANDS;;;;;;;;;;;;;;;;;;;;;;
FILIPINAS;;;;;;;;;;;;;;;;;;;;;;
FILIPPINE;;;;;;;;;;;;;;;;;;;;;;
FINLAND;;;;;;;;;;;;;;;;;;;;;;
FINLANDE;;;;;;;;;;;;;;;;;;;;;;
FINLANDIA;;;;;;;;;;;;;;;;;;;;;;
FORMOSA;;;;;;;;;;;;;;;;;;;;;;
FRANCE;;;;;;;;;;;;;;;;;;;;;;
FRANCIA;;;;;;;;;;;;;;;;;;;;;;
FRENCH GUIANA;;;;;;;;;;;;;;;;;;;;;;
FRENCH POLYNESIA;;;;;;;;;;;;;;;;;;;;;;
FRENCH SOUTHERN TERRITORIES;;;;;;;;;;;;;;;;;;;;;;
FUTUNA;;;;;;;;;;;;;;;;;;;;;;
GABON;;;;;;;;;;;;;;;;;;;;;;
GABONESE REPUBLIC;;;;;;;;;;;;;;;;;;;;;;
GAMBIA;;;;;;;;;;;;;;;;;;;;;;
GAMBIE;;;;;;;;;;;;;;;;;;;;;;
GEORGIA;;;;;;;;;;;;;;;;;;;;;;
GEORGIA DEL SUD;;;;;;;;;;;;;;;;;;;;;;
GEORGIA DEL SUD E ISOLE SANDWICH;;;;;;;;;;;;;;;;;;;;;;
GEORGIA DEL SUD E SANDWICH DEL SUD;;;;;;;;;;;;;;;;;;;;;;
GEORGIE;;;;;;;;;;;;;;;;;;;;;;
GÉORGIE;;;;;;;;;;;;;;;;;;;;;;
GEORGIE DU SUD;;;;;;;;;;;;;;;;;;;;;;
GÉORGIE DU SUD;;;;;;;;;;;;;;;;;;;;;;
GERMANIA;;;;;;;;;;;;;;;;;;;;;;
GERMANY;;;;;;;;;;;;;;;;;;;;;;
GHANA;;;;;;;;;;;;;;;;;;;;;;
GIAMAICA;;;;;;;;;;;;;;;;;;;;;;
GIAPPONE;;;;;;;;;;;;;;;;;;;;;;
GIBILTERRA;;;;;;;;;;;;;;;;;;;;;;
GIBRALTAR;;;;;;;;;;;;;;;;;;;;;;
GIBUTI;;;;;;;;;;;;;;;;;;;;;;
GIORDANIA;;;;;;;;;;;;;;;;;;;;;;
GOZO;;;;;;;;;;;;;;;;;;;;;;
GRAN BRETAGNA;;;;;;;;;;;;;;;;;;;;;;
GRAN BRETANA;;;;;;;;;;;;;;;;;;;;;;
GRANADA;;;;;;;;;;;;;;;;;;;;;;
GRANDE BRETAGNE;;;;;;;;;;;;;;;;;;;;;;
GRANDE-BRETAGNE;;;;;;;;;;;;;;;;;;;;;;
GREAT BRITAIN;;;;;;;;;;;;;;;;;;;;;;
GRECE;;;;;;;;;;;;;;;;;;;;;;
GRÈCE;;;;;;;;;;;;;;;;;;;;;;
GRECIA;;;;;;;;;;;;;;;;;;;;;;
GREECE;;;;;;;;;;;;;;;;;;;;;;
GREENLAND;;;;;;;;;;;;;;;;;;;;;;
GRENADA;;;;;;;;;;;;;;;;;;;;;;
GRENADE;;;;;;;;;;;;;;;;;;;;;;
GRENADINES;;;;;;;;;;;;;;;;;;;;;;
GROENLAND;;;;;;;;;;;;;;;;;;;;;;
GROENLANDIA;;;;;;;;;;;;;;;;;;;;;;
GUADALUPA;;;;;;;;;;;;;;;;;;;;;;
GUADALUPE;;;;;;;;;;;;;;;;;;;;;;
GUADELOUPE;;;;;;;;;;;;;;;;;;;;;;
GUADELUPE;;;;;;;;;;;;;;;;;;;;;;
GUAM;;;;;;;;;;;;;;;;;;;;;;
GUANTANAMO;;;;;;;;;;;;;;;;;;;;;;
GUANTANAMO BAY;;;;;;;;;;;;;;;;;;;;;;
GUATEMALA;;;;;;;;;;;;;;;;;;;;;;
GUAYANA;;;;;;;;;;;;;;;;;;;;;;
GUAYANA FRANCESA;;;;;;;;;;;;;;;;;;;;;;
GUERNESEY;;;;;;;;;;;;;;;;;;;;;;
GUERNSEY;;;;;;;;;;;;;;;;;;;;;;
GUIANA;;;;;;;;;;;;;;;;;;;;;;
GUINEA;;;;;;;;;;;;;;;;;;;;;;
GUINEA BISSAU;;;;;;;;;;;;;;;;;;;;;;
GUINEA ECUATORIAL;;;;;;;;;;;;;;;;;;;;;;
GUINEA EQUATORIALE;;;;;;;;;;;;;;;;;;;;;;
GUINEA-BISSAU;;;;;;;;;;;;;;;;;;;;;;
GUINEAEQUATORIALE;;;;;;;;;;;;;;;;;;;;;;
GUINEE;;;;;;;;;;;;;;;;;;;;;;
GUINÉE;;;;;;;;;;;;;;;;;;;;;;
GUINEE BISSAU;;;;;;;;;;;;;;;;;;;;;;
GUINÉE BISSAU;;;;;;;;;;;;;;;;;;;;;;
GUINEE EQUATORIALE;;;;;;;;;;;;;;;;;;;;;;
GUINÉE ÉQUATORIALE;;;;;;;;;;;;;;;;;;;;;;
GUINÉE-BISSAU;;;;;;;;;;;;;;;;;;;;;;
GUYANA;;;;;;;;;;;;;;;;;;;;;;
GUYANA FRANCESE;;;;;;;;;;;;;;;;;;;;;;
GUYANAFRANCESE;;;;;;;;;;;;;;;;;;;;;;
GUYANE;;;;;;;;;;;;;;;;;;;;;;
GUYANE FRANCAISE;;;;;;;;;;;;;;;;;;;;;;
HAITI;;;;;;;;;;;;;;;;;;;;;;
HAUTE VOLTA;;;;;;;;;;;;;;;;;;;;;;
HEARD ISLAND AND MCDONALD ISLANDS;;;;;;;;;;;;;;;;;;;;;;
HENDERSON;;;;;;;;;;;;;;;;;;;;;;
HISPANIA;;;;;;;;;;;;;;;;;;;;;;
HOLLAND;;;;;;;;;;;;;;;;;;;;;;
HOLY SEE (VATICAN CITY STATE);;;;;;;;;;;;;;;;;;;;;;
HOLY SEE VATICAN CITY STATE;;;;;;;;;;;;;;;;;;;;;;
HONDURAS;;;;;;;;;;;;;;;;;;;;;;
HONG KONG;;;;;;;;;;;;;;;;;;;;;;
HONGKONG;;;;;;;;;;;;;;;;;;;;;;
HONGRIE;;;;;;;;;;;;;;;;;;;;;;
HUNGARY;;;;;;;;;;;;;;;;;;;;;;
IBERIA;;;;;;;;;;;;;;;;;;;;;;
ICELAND;;;;;;;;;;;;;;;;;;;;;;
ILE DE CHRISTMAS;;;;;;;;;;;;;;;;;;;;;;
ILES FEROE;;;;;;;;;;;;;;;;;;;;;;
ILES MALOVINES;;;;;;;;;;;;;;;;;;;;;;
ILES VIERGES AMERICAINES;;;;;;;;;;;;;;;;;;;;;;
ILES VIERGES BRITANNIQUES;;;;;;;;;;;;;;;;;;;;;;
ILES VIERGES DES ETATS UNIS;;;;;;;;;;;;;;;;;;;;;;
ILES VIERGES DES ETATS-UNIS;;;;;;;;;;;;;;;;;;;;;;
INDE;;;;;;;;;;;;;;;;;;;;;;
INDIA;;;;;;;;;;;;;;;;;;;;;;
INDONESIA;;;;;;;;;;;;;;;;;;;;;;
INDONESIE;;;;;;;;;;;;;;;;;;;;;;
INDONÉSIE;;;;;;;;;;;;;;;;;;;;;;
INGHILTERRA;;;;;;;;;;;;;;;;;;;;;;
INGLATERRA;;;;;;;;;;;;;;;;;;;;;;
IRAN;;;;;;;;;;;;;;;;;;;;;;
IRAN ISLAMIC REPUBLIC OF;;;;;;;;;;;;;;;;;;;;;;
IRAN, ISLAMIC REPUBLIC OF;;;;;;;;;;;;;;;;;;;;;;
IRAQ;;;;;;;;;;;;;;;;;;;;;;
IRELAND;;;;;;;;;;;;;;;;;;;;;;
IRISH REPUBLIC;;;;;;;;;;;;;;;;;;;;;;
IRLANDA;;;;;;;;;;;;;;;;;;;;;;
IRLANDE;;;;;;;;;;;;;;;;;;;;;;
ISLA FIJI;;;;;;;;;;;;;;;;;;;;;;
ISLA NAVIDAD;;;;;;;;;;;;;;;;;;;;;;
ISLANDA;;;;;;;;;;;;;;;;;;;;;;
ISLANDE;;;;;;;;;;;;;;;;;;;;;;
ISLANDIA;;;;;;;;;;;;;;;;;;;;;;
ISLAS FEROE;;;;;;;;;;;;;;;;;;;;;;
ISLAS MALVINA;;;;;;;;;;;;;;;;;;;;;;
ISLAS MALVINAS;;;;;;;;;;;;;;;;;;;;;;
ISLAS MARIANAS;;;;;;;;;;;;;;;;;;;;;;
ISLAS NAVIDENA;;;;;;;;;;;;;;;;;;;;;;
ISLAS VIRGENES AMERICANAS;;;;;;;;;;;;;;;;;;;;;;
ISLAS VIRGENES BRITANICAS;;;;;;;;;;;;;;;;;;;;;;
ISLE OF MAN;;;;;;;;;;;;;;;;;;;;;;
ISOLA BOUVET;;;;;;;;;;;;;;;;;;;;;;
ISOLA CAIMAN;;;;;;;;;;;;;;;;;;;;;;
ISOLA CHRISTMAS;;;;;;;;;;;;;;;;;;;;;;
ISOLA DELLA MARTINICA;;;;;;;;;;;;;;;;;;;;;;
ISOLA DI MAN;;;;;;;;;;;;;;;;;;;;;;
ISOLA DI MIDWAY;;;;;;;;;;;;;;;;;;;;;;
ISOLA DI NATALE;;;;;;;;;;;;;;;;;;;;;;
ISOLA DI WAKE;;;;;;;;;;;;;;;;;;;;;;
ISOLE ALAND;;;;;;;;;;;;;;;;;;;;;;
ISOLE ÅLAND;;;;;;;;;;;;;;;;;;;;;;
ISOLE BERMUDA;;;;;;;;;;;;;;;;;;;;;;
ISOLE BES;;;;;;;;;;;;;;;;;;;;;;
ISOLE CAYMAN;;;;;;;;;;;;;;;;;;;;;;
ISOLE COCOS (KEELING);;;;;;;;;;;;;;;;;;;;;;
ISOLE COCOS E KEELING;;;;;;;;;;;;;;;;;;;;;;
ISOLE COCOS KEELING;;;;;;;;;;;;;;;;;;;;;;
ISOLE COMORE;;;;;;;;;;;;;;;;;;;;;;
ISOLE COOK;;;;;;;;;;;;;;;;;;;;;;
ISOLE DELLA FENICE;;;;;;;;;;;;;;;;;;;;;;
ISOLE FÆR ØER;;;;;;;;;;;;;;;;;;;;;;
ISOLE FALKLAND;;;;;;;;;;;;;;;;;;;;;;
ISOLE FANNING E WASHINGTON;;;;;;;;;;;;;;;;;;;;;;
ISOLE FAROE;;;;;;;;;;;;;;;;;;;;;;
ISOLE FIGI;;;;;;;;;;;;;;;;;;;;;;
ISOLE HEARD E MCDONALD;;;;;;;;;;;;;;;;;;;;;;
ISOLE MALVINE;;;;;;;;;;;;;;;;;;;;;;
ISOLE MARIANNE SETTENTRIONALI;;;;;;;;;;;;;;;;;;;;;;
ISOLE MARIANNES;;;;;;;;;;;;;;;;;;;;;;
ISOLE MARSHALL;;;;;;;;;;;;;;;;;;;;;;
ISOLE MIDWAY;;;;;;;;;;;;;;;;;;;;;;
ISOLE MINORI DEGLI STATI UNITI;;;;;;;;;;;;;;;;;;;;;;
ISOLE PHOENIX;;;;;;;;;;;;;;;;;;;;;;
ISOLE PITCAIRN;;;;;;;;;;;;;;;;;;;;;;
ISOLE SALOMONE;;;;;;;;;;;;;;;;;;;;;;
ISOLE SANTA CROCE;;;;;;;;;;;;;;;;;;;;;;
ISOLE SANTA CRUZ;;;;;;;;;;;;;;;;;;;;;;
ISOLE TOKELAU;;;;;;;;;;;;;;;;;;;;;;
ISOLE TURKS E CAICOS;;;;;;;;;;;;;;;;;;;;;;
ISOLE VERGINI AMERICANE;;;;;;;;;;;;;;;;;;;;;;
ISOLE VERGINI BRITANNICHE;;;;;;;;;;;;;;;;;;;;;;
ISRAEL;;;;;;;;;;;;;;;;;;;;;;
ISRAËL;;;;;;;;;;;;;;;;;;;;;;
ISRAELE;;;;;;;;;;;;;;;;;;;;;;
IUGOSLAVIA;;;;;;;;;;;;;;;;;;;;;;
IVORY COAST;;;;;;;;;;;;;;;;;;;;;;
JAMAHIRIYA LIBICA;;;;;;;;;;;;;;;;;;;;;;
JAMAHIRIYA LIBYENNE;;;;;;;;;;;;;;;;;;;;;;
JAMAHIRYA LIBICA (LIBIA);;;;;;;;;;;;;;;;;;;;;;
JAMAHIRYA LIBICA LIBIA;;;;;;;;;;;;;;;;;;;;;;
JAMAICA;;;;;;;;;;;;;;;;;;;;;;
JAMAIQUE;;;;;;;;;;;;;;;;;;;;;;
JAMAÏQUE;;;;;;;;;;;;;;;;;;;;;;
JAPAN;;;;;;;;;;;;;;;;;;;;;;
JAPON;;;;;;;;;;;;;;;;;;;;;;
JERSEY;;;;;;;;;;;;;;;;;;;;;;
JORDAN;;;;;;;;;;;;;;;;;;;;;;
JORDANIA;;;;;;;;;;;;;;;;;;;;;;
JORDANIE;;;;;;;;;;;;;;;;;;;;;;
JUTLAND;;;;;;;;;;;;;;;;;;;;;;
KAZAKHSTAN;;;;;;;;;;;;;;;;;;;;;;
KAZAKISTAN;;;;;;;;;;;;;;;;;;;;;;
KAZAKSTAN;;;;;;;;;;;;;;;;;;;;;;
KEELING;;;;;;;;;;;;;;;;;;;;;;
KENIA;;;;;;;;;;;;;;;;;;;;;;
KENYA;;;;;;;;;;;;;;;;;;;;;;
KERGUELEN;;;;;;;;;;;;;;;;;;;;;;
KIRGHIZIA;;;;;;;;;;;;;;;;;;;;;;
KIRGHIZISTAN;;;;;;;;;;;;;;;;;;;;;;
KIRGHIZSTAN;;;;;;;;;;;;;;;;;;;;;;
KIRGYZSTAN;;;;;;;;;;;;;;;;;;;;;;
KIRIBATI;;;;;;;;;;;;;;;;;;;;;;
KITTS;;;;;;;;;;;;;;;;;;;;;;
KOREA;;;;;;;;;;;;;;;;;;;;;;
KOREA ( REP);;;;;;;;;;;;;;;;;;;;;;
KOREA DEMOCRATIC PEOPLE'S REPUBLIC OF;;;;;;;;;;;;;;;;;;;;;;
KOREA REP;;;;;;;;;;;;;;;;;;;;;;
KOREA REPUBLIC OF;;;;;;;;;;;;;;;;;;;;;;
KOREA, DEMOCRATIC PEOPLE'S REPUBLIC OF;;;;;;;;;;;;;;;;;;;;;;
KOREA, REPUBLIC OF;;;;;;;;;;;;;;;;;;;;;;
KOSOVO;;;;;;;;;;;;;;;;;;;;;;
KOSSOVO;;;;;;;;;;;;;;;;;;;;;;
KOWEIT;;;;;;;;;;;;;;;;;;;;;;
KOWEÏT;;;;;;;;;;;;;;;;;;;;;;
KUWAIT;;;;;;;;;;;;;;;;;;;;;;
KYPROS;;;;;;;;;;;;;;;;;;;;;;
KYRGYZSTAN;;;;;;;;;;;;;;;;;;;;;;
LAO;;;;;;;;;;;;;;;;;;;;;;
LAO PEOPLE'S DEMOCRATIC REPUBLIC;;;;;;;;;;;;;;;;;;;;;;
LAOS;;;;;;;;;;;;;;;;;;;;;;
LATVIA;;;;;;;;;;;;;;;;;;;;;;
LEBANON;;;;;;;;;;;;;;;;;;;;;;
LESOTHO;;;;;;;;;;;;;;;;;;;;;;
LETTONIA;;;;;;;;;;;;;;;;;;;;;;
LETTONIE;;;;;;;;;;;;;;;;;;;;;;
LIBAN;;;;;;;;;;;;;;;;;;;;;;
LIBANO;;;;;;;;;;;;;;;;;;;;;;
LIBERIA;;;;;;;;;;;;;;;;;;;;;;
LIBIA;;;;;;;;;;;;;;;;;;;;;;
LIBYA;;;;;;;;;;;;;;;;;;;;;;
LIBYAN ARAB JAMAHIRIYA;;;;;;;;;;;;;;;;;;;;;;
LIBYE;;;;;;;;;;;;;;;;;;;;;;
LICHTENSTEIN;;;;;;;;;;;;;;;;;;;;;;
LIECHTENSTEIN;;;;;;;;;;;;;;;;;;;;;;
LITHUANIA;;;;;;;;;;;;;;;;;;;;;;
LITUANIA;;;;;;;;;;;;;;;;;;;;;;
LITUANIE;;;;;;;;;;;;;;;;;;;;;;
LUSSEMBURGO;;;;;;;;;;;;;;;;;;;;;;
LUXEMBOURG;;;;;;;;;;;;;;;;;;;;;;
LUXEMBURGO;;;;;;;;;;;;;;;;;;;;;;
LYBIA;;;;;;;;;;;;;;;;;;;;;;
MACAO;;;;;;;;;;;;;;;;;;;;;;
MACAU;;;;;;;;;;;;;;;;;;;;;;
MACÉDOINE (EX RÉP YOUGOSLAVE );;;;;;;;;;;;;;;;;;;;;;
MACEDOINE EX REP YOUGOSLAVE;;;;;;;;;;;;;;;;;;;;;;
MACÉDOINE EX RÉP YOUGOSLAVE;;;;;;;;;;;;;;;;;;;;;;
MACEDOINE(EX REP YOUGOSLAVE);;;;;;;;;;;;;;;;;;;;;;
MACEDONIA;;;;;;;;;;;;;;;;;;;;;;
MACEDONIA THE FORMER YUGOSLAV REPUBLIC OF;;;;;;;;;;;;;;;;;;;;;;
MACEDONIA, THE FORMER YUGOSLAV REPUBLIC OF;;;;;;;;;;;;;;;;;;;;;;
MADAGASCAR;;;;;;;;;;;;;;;;;;;;;;
MADERA;;;;;;;;;;;;;;;;;;;;;;
MALAISIE;;;;;;;;;;;;;;;;;;;;;;
MALASIA;;;;;;;;;;;;;;;;;;;;;;
MALAWI;;;;;;;;;;;;;;;;;;;;;;
MALAYSIA;;;;;;;;;;;;;;;;;;;;;;
MALDIVAS;;;;;;;;;;;;;;;;;;;;;;
MALDIVE;;;;;;;;;;;;;;;;;;;;;;
MALDIVES;;;;;;;;;;;;;;;;;;;;;;
MALESIA;;;;;;;;;;;;;;;;;;;;;;
MALI;;;;;;;;;;;;;;;;;;;;;;
MALTA;;;;;;;;;;;;;;;;;;;;;;
MALTE;;;;;;;;;;;;;;;;;;;;;;
MALVINAS;;;;;;;;;;;;;;;;;;;;;;
MALVINE;;;;;;;;;;;;;;;;;;;;;;
MAN;;;;;;;;;;;;;;;;;;;;;;
MARIANA ISLANDS;;;;;;;;;;;;;;;;;;;;;;
MARIANNE;;;;;;;;;;;;;;;;;;;;;;
MARIANNES;;;;;;;;;;;;;;;;;;;;;;
MAROC;;;;;;;;;;;;;;;;;;;;;;
MAROCCO;;;;;;;;;;;;;;;;;;;;;;
MARRUECOS;;;;;;;;;;;;;;;;;;;;;;
MARSHALL;;;;;;;;;;;;;;;;;;;;;;
MARSHALL ISLANDS;;;;;;;;;;;;;;;;;;;;;;
MARTINICA;;;;;;;;;;;;;;;;;;;;;;
MARTINIQUE;;;;;;;;;;;;;;;;;;;;;;
MAURICE;;;;;;;;;;;;;;;;;;;;;;
MAURICIO;;;;;;;;;;;;;;;;;;;;;;
MAURITANIA;;;;;;;;;;;;;;;;;;;;;;
MAURITANIE;;;;;;;;;;;;;;;;;;;;;;
MAURITIUS;;;;;;;;;;;;;;;;;;;;;;
MAURIZIO;;;;;;;;;;;;;;;;;;;;;;
MAYOTTE;;;;;;;;;;;;;;;;;;;;;;
MELILLA;;;;;;;;;;;;;;;;;;;;;;
MESSICO;;;;;;;;;;;;;;;;;;;;;;
MEXICO;;;;;;;;;;;;;;;;;;;;;;
MEXIQUE;;;;;;;;;;;;;;;;;;;;;;
MICRONESIA;;;;;;;;;;;;;;;;;;;;;;
MICRONESIA FEDERATED STATES OF;;;;;;;;;;;;;;;;;;;;;;
MICRONESIA, FEDERATED STATES OF;;;;;;;;;;;;;;;;;;;;;;
MICRONESIE;;;;;;;;;;;;;;;;;;;;;;
MIDWAY;;;;;;;;;;;;;;;;;;;;;;
MIDWAY ISLAND;;;;;;;;;;;;;;;;;;;;;;
MIDWAY ISLANDS;;;;;;;;;;;;;;;;;;;;;;
MIQUELON;;;;;;;;;;;;;;;;;;;;;;
MOLDAVIA;;;;;;;;;;;;;;;;;;;;;;
MOLDOVA;;;;;;;;;;;;;;;;;;;;;;
MOLDOVA (REP. DE);;;;;;;;;;;;;;;;;;;;;;
MOLDOVA REP DE;;;;;;;;;;;;;;;;;;;;;;
MOLDOVA REPUBLIC OF;;;;;;;;;;;;;;;;;;;;;;
MOLDOVA, REPUBLIC OF;;;;;;;;;;;;;;;;;;;;;;
MONACO;;;;;;;;;;;;;;;;;;;;;;
MONACO (PRINCIPATO);;;;;;;;;;;;;;;;;;;;;;
MONACO PRINCIPATO;;;;;;;;;;;;;;;;;;;;;;
MONGOLIA;;;;;;;;;;;;;;;;;;;;;;
MONGOLIE;;;;;;;;;;;;;;;;;;;;;;
MONSERRAT;;;;;;;;;;;;;;;;;;;;;;
MONTECARLO;;;;;;;;;;;;;;;;;;;;;;
MONTENEGRO;;;;;;;;;;;;;;;;;;;;;;
MONTÉNÉGRO;;;;;;;;;;;;;;;;;;;;;;
MONTSERRAT;;;;;;;;;;;;;;;;;;;;;;
MOROCCO;;;;;;;;;;;;;;;;;;;;;;
MOZAMBICO;;;;;;;;;;;;;;;;;;;;;;
MOZAMBIQUE;;;;;;;;;;;;;;;;;;;;;;
MULTIMED;;;;;;;;;;;;;;;;;;;;;;
MYANMAR;;;;;;;;;;;;;;;;;;;;;;
MYANMAR (BIRMANIE);;;;;;;;;;;;;;;;;;;;;;
MYANMAR BIRMANIA;;;;;;;;;;;;;;;;;;;;;;
MYANMAR BIRMANIE;;;;;;;;;;;;;;;;;;;;;;
MYANMAR BURMA;;;;;;;;;;;;;;;;;;;;;;
MYANMAR(BURMA);;;;;;;;;;;;;;;;;;;;;;
NAMIBIA;;;;;;;;;;;;;;;;;;;;;;
NAMIBIE;;;;;;;;;;;;;;;;;;;;;;
NAURU;;;;;;;;;;;;;;;;;;;;;;
NEPAL;;;;;;;;;;;;;;;;;;;;;;
NÉPAL;;;;;;;;;;;;;;;;;;;;;;
NETHERLAND;;;;;;;;;;;;;;;;;;;;;;
NETHERLANDS;;;;;;;;;;;;;;;;;;;;;;
NETHERLANDS ANTILLES;;;;;;;;;;;;;;;;;;;;;;
NEVIS;;;;;;;;;;;;;;;;;;;;;;
NEW CALEDONIA;;;;;;;;;;;;;;;;;;;;;;
NEW GUINEA;;;;;;;;;;;;;;;;;;;;;;
NEW ZEALAND;;;;;;;;;;;;;;;;;;;;;;
NICARAGUA;;;;;;;;;;;;;;;;;;;;;;
NIGER;;;;;;;;;;;;;;;;;;;;;;
NIGERIA;;;;;;;;;;;;;;;;;;;;;;
NIUE;;;;;;;;;;;;;;;;;;;;;;
NORFOLK;;;;;;;;;;;;;;;;;;;;;;
NORFOLK ISLAND;;;;;;;;;;;;;;;;;;;;;;
NORGE;;;;;;;;;;;;;;;;;;;;;;
NORTHERN MARIANA ISLANDS;;;;;;;;;;;;;;;;;;;;;;
NORUEGA;;;;;;;;;;;;;;;;;;;;;;
NORVEGE;;;;;;;;;;;;;;;;;;;;;;
NORVÈGE;;;;;;;;;;;;;;;;;;;;;;
NORVEGIA;;;;;;;;;;;;;;;;;;;;;;
NORWAY;;;;;;;;;;;;;;;;;;;;;;
NOUVELLE CALEDONIE;;;;;;;;;;;;;;;;;;;;;;
NOUVELLE CALÉDONIE;;;;;;;;;;;;;;;;;;;;;;
NOUVELLE ZELANDE;;;;;;;;;;;;;;;;;;;;;;
NOUVELLE ZÉLANDE;;;;;;;;;;;;;;;;;;;;;;
NUEVA CALEDONIA;;;;;;;;;;;;;;;;;;;;;;
NUEVA ZELANDA;;;;;;;;;;;;;;;;;;;;;;
NUOVA CALEDONIA;;;;;;;;;;;;;;;;;;;;;;
NUOVA GUINEA PAPUA;;;;;;;;;;;;;;;;;;;;;;
NUOVA GUINEA-PAPUA;;;;;;;;;;;;;;;;;;;;;;
NUOVA ZELANDA;;;;;;;;;;;;;;;;;;;;;;
OENO;;;;;;;;;;;;;;;;;;;;;;
OLANDA;;;;;;;;;;;;;;;;;;;;;;
OMAN;;;;;;;;;;;;;;;;;;;;;;
ONDURAS;;;;;;;;;;;;;;;;;;;;;;
OSTERREICH;;;;;;;;;;;;;;;;;;;;;;
OUGANDA;;;;;;;;;;;;;;;;;;;;;;
OUZBEKISTAN;;;;;;;;;;;;;;;;;;;;;;
OUZBÉKISTAN;;;;;;;;;;;;;;;;;;;;;;
PAESI BASSI;;;;;;;;;;;;;;;;;;;;;;
PAISES BAJOS;;;;;;;;;;;;;;;;;;;;;;
PAKISTAN;;;;;;;;;;;;;;;;;;;;;;
PALAOS;;;;;;;;;;;;;;;;;;;;;;
PALAU;;;;;;;;;;;;;;;;;;;;;;
PALESTINA;;;;;;;;;;;;;;;;;;;;;;
PALESTINIAN TERRITORY OCCUPIED;;;;;;;;;;;;;;;;;;;;;;
PALESTINIAN TERRITORY, OCCUPIED;;;;;;;;;;;;;;;;;;;;;;
PANAMA;;;;;;;;;;;;;;;;;;;;;;
PANAMÁ;;;;;;;;;;;;;;;;;;;;;;
PAPOUASIE - NOUVELLE GUINEE;;;;;;;;;;;;;;;;;;;;;;
PAPOUASIE - NOUVELLE GUINÉE;;;;;;;;;;;;;;;;;;;;;;
PAPOUASIE NOUVELLE GUINEE;;;;;;;;;;;;;;;;;;;;;;
PAPOUASIE NOUVELLE GUINÉE;;;;;;;;;;;;;;;;;;;;;;
PAPUA NEW GUINEA;;;;;;;;;;;;;;;;;;;;;;
PAPUA NUEVA GUINEA;;;;;;;;;;;;;;;;;;;;;;
PAPUA NUOVA GUINEA;;;;;;;;;;;;;;;;;;;;;;
PAPUASIA NUOVA GUINEA;;;;;;;;;;;;;;;;;;;;;;
PARAGUAY;;;;;;;;;;;;;;;;;;;;;;
PAYS BAS;;;;;;;;;;;;;;;;;;;;;;
PAYS-BAS;;;;;;;;;;;;;;;;;;;;;;
PEOPLES REPUBLIC OF CHINA;;;;;;;;;;;;;;;;;;;;;;
PEROU;;;;;;;;;;;;;;;;;;;;;;
PÉROU;;;;;;;;;;;;;;;;;;;;;;
PERU;;;;;;;;;;;;;;;;;;;;;;
PERÙ;;;;;;;;;;;;;;;;;;;;;;
PERU';;;;;;;;;;;;;;;;;;;;;;
PHILIPPINES;;;;;;;;;;;;;;;;;;;;;;
PHOENIX;;;;;;;;;;;;;;;;;;;;;;
PHOENIX ISLANDS;;;;;;;;;;;;;;;;;;;;;;
PITCAIRN;;;;;;;;;;;;;;;;;;;;;;
PITCAIRN ISLANDS;;;;;;;;;;;;;;;;;;;;;;
POLAND;;;;;;;;;;;;;;;;;;;;;;
POLINESIA;;;;;;;;;;;;;;;;;;;;;;
POLINESIA FRANCESA;;;;;;;;;;;;;;;;;;;;;;
POLINESIA FRANCESE;;;;;;;;;;;;;;;;;;;;;;
POLOGNE;;;;;;;;;;;;;;;;;;;;;;
POLONIA;;;;;;;;;;;;;;;;;;;;;;
POLYNESIE FRANCAISE;;;;;;;;;;;;;;;;;;;;;;
POLYNÉSIE FRANÇAISE;;;;;;;;;;;;;;;;;;;;;;
PORTO RICO;;;;;;;;;;;;;;;;;;;;;;
PORTOGALLO;;;;;;;;;;;;;;;;;;;;;;
PORTORICO;;;;;;;;;;;;;;;;;;;;;;
PORTUGAL;;;;;;;;;;;;;;;;;;;;;;
PORTUGUESE TIMOR;;;;;;;;;;;;;;;;;;;;;;
PRC;;;;;;;;;;;;;;;;;;;;;;
PRINCIPALITY OF MONACO;;;;;;;;;;;;;;;;;;;;;;
PRINCIPATO DI ANDORRA;;;;;;;;;;;;;;;;;;;;;;
PRINCIPATO DI MONACO;;;;;;;;;;;;;;;;;;;;;;
PRINCIPE;;;;;;;;;;;;;;;;;;;;;;
PROVINCE OF TAIWAN;;;;;;;;;;;;;;;;;;;;;;
PUERTO RICO;;;;;;;;;;;;;;;;;;;;;;
QATAR;;;;;;;;;;;;;;;;;;;;;;
REGNO UNITO;;;;;;;;;;;;;;;;;;;;;;
REP CECA;;;;;;;;;;;;;;;;;;;;;;
RÉP DÉM DU CONGO;;;;;;;;;;;;;;;;;;;;;;
REP DEMOCRATICA DEL CONGO;;;;;;;;;;;;;;;;;;;;;;
REP DEMOCRATICA POPOLARE DI COREA;;;;;;;;;;;;;;;;;;;;;;
REP DOMINICANA;;;;;;;;;;;;;;;;;;;;;;
REP. DEMOCRATICA DEL CONGO;;;;;;;;;;;;;;;;;;;;;;
REP. DEMOCRATICA POPOLARE DI COREA;;;;;;;;;;;;;;;;;;;;;;
REPUBBLICA CECA;;;;;;;;;;;;;;;;;;;;;;
REPUBBLICA CENTRAFRICANA;;;;;;;;;;;;;;;;;;;;;;
REPUBBLICA CENTROAFRICANA;;;;;;;;;;;;;;;;;;;;;;
REPUBBLICA DEL CONGO;;;;;;;;;;;;;;;;;;;;;;
REPUBBLICA DEMOCRATICA DEL CONGO;;;;;;;;;;;;;;;;;;;;;;
REPUBBLICA DI COREA;;;;;;;;;;;;;;;;;;;;;;
REPUBBLICA DI MACEDONIA;;;;;;;;;;;;;;;;;;;;;;
REPUBBLICA DI MONTENEGRO;;;;;;;;;;;;;;;;;;;;;;
REPUBBLICA DI SAN MARINO;;;;;;;;;;;;;;;;;;;;;;
REPUBBLICA DI SERBIA;;;;;;;;;;;;;;;;;;;;;;
REPUBBLICA DOMINICANA;;;;;;;;;;;;;;;;;;;;;;
REPUBBLICA POPOLARE CINESE;;;;;;;;;;;;;;;;;;;;;;
REPUBBLICA SLOVACCA;;;;;;;;;;;;;;;;;;;;;;
REPUBBLICA SUDAFRICANA;;;;;;;;;;;;;;;;;;;;;;
REPUBBLICADOMINICANA;;;;;;;;;;;;;;;;;;;;;;
REPUBLIC OF KOREA;;;;;;;;;;;;;;;;;;;;;;
REPUBLIC OF MONTENEGRO;;;;;;;;;;;;;;;;;;;;;;
REPUBLIC OF PALAU;;;;;;;;;;;;;;;;;;;;;;
REPUBLIC OF SERBIA;;;;;;;;;;;;;;;;;;;;;;
REPUBLICA GABONESA;;;;;;;;;;;;;;;;;;;;;;
REPUBLICA POPULAR DE CHINA;;;;;;;;;;;;;;;;;;;;;;
REPUBLIKA CRNA GORA;;;;;;;;;;;;;;;;;;;;;;
REPUBLIKA SRBIJA;;;;;;;;;;;;;;;;;;;;;;
REPUBLIQUE CENTRAFRICAINE;;;;;;;;;;;;;;;;;;;;;;
REPUBLIQUE DE COREE;;;;;;;;;;;;;;;;;;;;;;
REPUBLIQUE DOMINICAINE;;;;;;;;;;;;;;;;;;;;;;
REPUBLIQUE FRANCAISE;;;;;;;;;;;;;;;;;;;;;;
REPUBLIQUE GABONAISE;;;;;;;;;;;;;;;;;;;;;;
REPUBLIQUE POPULAIRE DEMOCRATIQUE DE CO;;;;;;;;;;;;;;;;;;;;;;
REPUBLIQUE SUDAFRICAINE;;;;;;;;;;;;;;;;;;;;;;
REPUBLIQUE TOGOLAISE;;;;;;;;;;;;;;;;;;;;;;
REUNION;;;;;;;;;;;;;;;;;;;;;;
RÉUNION;;;;;;;;;;;;;;;;;;;;;;
RIUNIONE;;;;;;;;;;;;;;;;;;;;;;
ROMANIA;;;;;;;;;;;;;;;;;;;;;;
ROUMANIA;;;;;;;;;;;;;;;;;;;;;;
ROUMANIE;;;;;;;;;;;;;;;;;;;;;;
RUANDA;;;;;;;;;;;;;;;;;;;;;;
RUMANIA;;;;;;;;;;;;;;;;;;;;;;
RUSSIA;;;;;;;;;;;;;;;;;;;;;;
RUSSIAN FEDERATION;;;;;;;;;;;;;;;;;;;;;;
RUSSIE (FEDERATION DE);;;;;;;;;;;;;;;;;;;;;;
RUSSIE (FÉDÉRATION DE);;;;;;;;;;;;;;;;;;;;;;
RUSSIE FEDERATION DE;;;;;;;;;;;;;;;;;;;;;;
RUSSIE FÉDÉRATION DE;;;;;;;;;;;;;;;;;;;;;;
RWANDA;;;;;;;;;;;;;;;;;;;;;;
S KITTIS;;;;;;;;;;;;;;;;;;;;;;
S KITTIS AND NEVIS;;;;;;;;;;;;;;;;;;;;;;
S KITTIS ET NEVIS;;;;;;;;;;;;;;;;;;;;;;
S KITTIS NEVIS;;;;;;;;;;;;;;;;;;;;;;
S PIERRE E MIQUELON;;;;;;;;;;;;;;;;;;;;;;
S PIERRE ET MIQUELON;;;;;;;;;;;;;;;;;;;;;;
S THOMAS AND PRINCE;;;;;;;;;;;;;;;;;;;;;;
S THOMAS ET PRINCE;;;;;;;;;;;;;;;;;;;;;;
S THOMAS ET PRINCIPE;;;;;;;;;;;;;;;;;;;;;;
S VINCENT AND GRENADINES;;;;;;;;;;;;;;;;;;;;;;
S VINCENZO GRENADINE;;;;;;;;;;;;;;;;;;;;;;
S. KITTIS AND NEVIS;;;;;;;;;;;;;;;;;;;;;;
S. KITTIS ET NEVIS;;;;;;;;;;;;;;;;;;;;;;
S. KITTIS(NEVIS);;;;;;;;;;;;;;;;;;;;;;
S. PIERRE E MIQUELON;;;;;;;;;;;;;;;;;;;;;;
S. PIERRE ET MIQUELON;;;;;;;;;;;;;;;;;;;;;;
S. THOMAS AND PRINCE;;;;;;;;;;;;;;;;;;;;;;
S. THOMAS-ET-PRINCE;;;;;;;;;;;;;;;;;;;;;;
S. THOMAS-ET-PRINCIPE;;;;;;;;;;;;;;;;;;;;;;
S. VINCENT AND GRENADINES;;;;;;;;;;;;;;;;;;;;;;
S. VINCENZO (GRENADINE);;;;;;;;;;;;;;;;;;;;;;
S.KITTIS;;;;;;;;;;;;;;;;;;;;;;
SABA;;;;;;;;;;;;;;;;;;;;;;
SAHARA OCCIDENTALE;;;;;;;;;;;;;;;;;;;;;;
SAHARAOCCIDENTALE;;;;;;;;;;;;;;;;;;;;;;
SAINT BARTHELEMY;;;;;;;;;;;;;;;;;;;;;;
SAINT CHRISTOPHE ET NIEVES;;;;;;;;;;;;;;;;;;;;;;
SAINT CHRISTOPHER E NEVIS;;;;;;;;;;;;;;;;;;;;;;
SAINT CROIX;;;;;;;;;;;;;;;;;;;;;;
SAINT EUSTATIUS;;;;;;;;;;;;;;;;;;;;;;
SAINT HELENA;;;;;;;;;;;;;;;;;;;;;;
SAINT HELENE;;;;;;;;;;;;;;;;;;;;;;
SAINT KITTIS;;;;;;;;;;;;;;;;;;;;;;
SAINT KITTIS AND NEVIS;;;;;;;;;;;;;;;;;;;;;;
SAINT KITTIS E NEVIS;;;;;;;;;;;;;;;;;;;;;;
SAINT KITTS AND NEVIS;;;;;;;;;;;;;;;;;;;;;;
SAINT LUCIA;;;;;;;;;;;;;;;;;;;;;;
SAINT LUCIE;;;;;;;;;;;;;;;;;;;;;;
SAINT MAARTEN;;;;;;;;;;;;;;;;;;;;;;
SAINT MARIN;;;;;;;;;;;;;;;;;;;;;;
SAINT MARTIN;;;;;;;;;;;;;;;;;;;;;;
SAINT PAUL;;;;;;;;;;;;;;;;;;;;;;
SAINT PAUL E AMSTERDAM;;;;;;;;;;;;;;;;;;;;;;
SAINT PIERRE;;;;;;;;;;;;;;;;;;;;;;
SAINT PIERRE AND MIQUELON;;;;;;;;;;;;;;;;;;;;;;
SAINT PIERRE E MIQUELON;;;;;;;;;;;;;;;;;;;;;;
SAINT THOMAS;;;;;;;;;;;;;;;;;;;;;;
SAINT VINCENT;;;;;;;;;;;;;;;;;;;;;;
SAINT VINCENT AND THE GRENADINES;;;;;;;;;;;;;;;;;;;;;;
SAINT VINCENT E LE GRENADINE;;;;;;;;;;;;;;;;;;;;;;
SAINT VINCENTE GRENADINE;;;;;;;;;;;;;;;;;;;;;;
SAINT-BARTHELEMY;;;;;;;;;;;;;;;;;;;;;;
SAINT-BARTHÉLEMY;;;;;;;;;;;;;;;;;;;;;;
SAINT-MARTIN;;;;;;;;;;;;;;;;;;;;;;
SAINT-PIERRE E MIQUELON;;;;;;;;;;;;;;;;;;;;;;
SAINTE HELENE;;;;;;;;;;;;;;;;;;;;;;
SAINTE HÉLÈNE;;;;;;;;;;;;;;;;;;;;;;
SAINTE LUCIE;;;;;;;;;;;;;;;;;;;;;;
SAINTE VINCENTE ET GRENADINES;;;;;;;;;;;;;;;;;;;;;;
SAINTE-HELENE;;;;;;;;;;;;;;;;;;;;;;
SAINTE-HÉLÈNE;;;;;;;;;;;;;;;;;;;;;;
SAIPAN;;;;;;;;;;;;;;;;;;;;;;
SALOMON;;;;;;;;;;;;;;;;;;;;;;
SALOMONE;;;;;;;;;;;;;;;;;;;;;;
SAMOA;;;;;;;;;;;;;;;;;;;;;;
SAMOA AMERICAIN;;;;;;;;;;;;;;;;;;;;;;
SAMOA AMERICAINES;;;;;;;;;;;;;;;;;;;;;;
SAMOA AMERICAINÉS;;;;;;;;;;;;;;;;;;;;;;
SAMOA AMERICANE;;;;;;;;;;;;;;;;;;;;;;
SAMOA NEOZELANDESI;;;;;;;;;;;;;;;;;;;;;;
SAMOA NORTEAMERICANO;;;;;;;;;;;;;;;;;;;;;;
SAMOA OCC;;;;;;;;;;;;;;;;;;;;;;
SAMOA OCC.;;;;;;;;;;;;;;;;;;;;;;
SAMOA OCCIDENTAL;;;;;;;;;;;;;;;;;;;;;;
SAMOA OCCIDENTALI;;;;;;;;;;;;;;;;;;;;;;
SAMOA U S A;;;;;;;;;;;;;;;;;;;;;;
SAMOA U.S.A.;;;;;;;;;;;;;;;;;;;;;;
SAMON ISLAND;;;;;;;;;;;;;;;;;;;;;;
SAN CRISTOBAL Y NEVIS;;;;;;;;;;;;;;;;;;;;;;
SAN MARINO;;;;;;;;;;;;;;;;;;;;;;
SAN PEDRO;;;;;;;;;;;;;;;;;;;;;;
SAN VINCENZO;;;;;;;;;;;;;;;;;;;;;;
SANDWICH;;;;;;;;;;;;;;;;;;;;;;
SANT ELENA;;;;;;;;;;;;;;;;;;;;;;
SANT' ELENA;;;;;;;;;;;;;;;;;;;;;;
SANT'ELENA;;;;;;;;;;;;;;;;;;;;;;
SANTA CROCE;;;;;;;;;;;;;;;;;;;;;;
SANTA CRUZ ISLANDS;;;;;;;;;;;;;;;;;;;;;;
SANTA ELENA;;;;;;;;;;;;;;;;;;;;;;
SANTA LUCIA;;;;;;;;;;;;;;;;;;;;;;
SANTO TOME Y PRINCIPE;;;;;;;;;;;;;;;;;;;;;;
SAO TOME AND PRINCIPE;;;;;;;;;;;;;;;;;;;;;;
SAO TOME E PRINCIPE;;;;;;;;;;;;;;;;;;;;;;
SÃO TOMÉ E PRÍNCIPE;;;;;;;;;;;;;;;;;;;;;;
SAO TOME ET PRINCIPE;;;;;;;;;;;;;;;;;;;;;;
SAUDI ARABIA;;;;;;;;;;;;;;;;;;;;;;
SCHWEIZ;;;;;;;;;;;;;;;;;;;;;;
SENEGAL;;;;;;;;;;;;;;;;;;;;;;
SÉNÉGAL;;;;;;;;;;;;;;;;;;;;;;
SERBIA;;;;;;;;;;;;;;;;;;;;;;
SERBIE;;;;;;;;;;;;;;;;;;;;;;
SEYCHELLES;;;;;;;;;;;;;;;;;;;;;;
SIERRA LEON;;;;;;;;;;;;;;;;;;;;;;
SIERRA LEONA;;;;;;;;;;;;;;;;;;;;;;
SIERRA LEONE;;;;;;;;;;;;;;;;;;;;;;
SINGAPORE;;;;;;;;;;;;;;;;;;;;;;
SINGAPOUR;;;;;;;;;;;;;;;;;;;;;;
SINGAPUR;;;;;;;;;;;;;;;;;;;;;;
SIRIA;;;;;;;;;;;;;;;;;;;;;;
SLOVACCHIA;;;;;;;;;;;;;;;;;;;;;;
SLOVAK REPUBLIC;;;;;;;;;;;;;;;;;;;;;;
SLOVAKIA;;;;;;;;;;;;;;;;;;;;;;
SLOVAQUIE;;;;;;;;;;;;;;;;;;;;;;
SLOVENIA;;;;;;;;;;;;;;;;;;;;;;
SLOVENIE;;;;;;;;;;;;;;;;;;;;;;
SLOVÉNIE;;;;;;;;;;;;;;;;;;;;;;
SOLOMON;;;;;;;;;;;;;;;;;;;;;;
SOLOMON ISLANDS;;;;;;;;;;;;;;;;;;;;;;
SOMALI REPUBLIC;;;;;;;;;;;;;;;;;;;;;;
SOMALIA;;;;;;;;;;;;;;;;;;;;;;
SOMALIE;;;;;;;;;;;;;;;;;;;;;;
SOUDAN;;;;;;;;;;;;;;;;;;;;;;
SOUTH AFRICA;;;;;;;;;;;;;;;;;;;;;;
SOUTH GEORGIA;;;;;;;;;;;;;;;;;;;;;;
SOUTH GEORGIA AND THE SOUTH SANDWICH ISLANDS;;;;;;;;;;;;;;;;;;;;;;
SPAGNA;;;;;;;;;;;;;;;;;;;;;;
SPAIN;;;;;;;;;;;;;;;;;;;;;;
SPANIA;;;;;;;;;;;;;;;;;;;;;;
SRI LANKA;;;;;;;;;;;;;;;;;;;;;;
ST HELENA;;;;;;;;;;;;;;;;;;;;;;
ST. HELENA;;;;;;;;;;;;;;;;;;;;;;
ST. LUCIA;;;;;;;;;;;;;;;;;;;;;;
STATI UNITI D' AMERICA;;;;;;;;;;;;;;;;;;;;;;
STATI UNITI D'AMERICA;;;;;;;;;;;;;;;;;;;;;;
STATI UNITI DAMERICA;;;;;;;;;;;;;;;;;;;;;;
SUDAFRICA;;;;;;;;;;;;;;;;;;;;;;
SUDAFRICANA;;;;;;;;;;;;;;;;;;;;;;
SUDAN;;;;;;;;;;;;;;;;;;;;;;
SUECIA;;;;;;;;;;;;;;;;;;;;;;
SUEDE;;;;;;;;;;;;;;;;;;;;;;
SUÈDE;;;;;;;;;;;;;;;;;;;;;;
SUISSE;;;;;;;;;;;;;;;;;;;;;;
SUIZA;;;;;;;;;;;;;;;;;;;;;;
SURINAM;;;;;;;;;;;;;;;;;;;;;;
SURINAME;;;;;;;;;;;;;;;;;;;;;;
SVALBARD AND JAN MAYEN;;;;;;;;;;;;;;;;;;;;;;
SVALBARD E JANMAYEN;;;;;;;;;;;;;;;;;;;;;;
SVERIGE;;;;;;;;;;;;;;;;;;;;;;
SVEZIA;;;;;;;;;;;;;;;;;;;;;;
SVIZZERA;;;;;;;;;;;;;;;;;;;;;;
SWAZILAND;;;;;;;;;;;;;;;;;;;;;;
SWAZILANDIA;;;;;;;;;;;;;;;;;;;;;;
SWEDEN;;;;;;;;;;;;;;;;;;;;;;
SWITZERLAND;;;;;;;;;;;;;;;;;;;;;;
SYRIA;;;;;;;;;;;;;;;;;;;;;;
SYRIAN ARAB REPUBLIC;;;;;;;;;;;;;;;;;;;;;;
SYRIE;;;;;;;;;;;;;;;;;;;;;;
SYRIENNE;;;;;;;;;;;;;;;;;;;;;;
TADJIKISTAN;;;;;;;;;;;;;;;;;;;;;;
TAGIKISTAN;;;;;;;;;;;;;;;;;;;;;;
TAILANDIA;;;;;;;;;;;;;;;;;;;;;;
TAIWAN;;;;;;;;;;;;;;;;;;;;;;
TAIWAN (FORMOSA);;;;;;;;;;;;;;;;;;;;;;
TAIWAN FORMOSA;;;;;;;;;;;;;;;;;;;;;;
TAIWAN PROVINCE OF CHINA;;;;;;;;;;;;;;;;;;;;;;
TAIWAN, PROVINCE OF CHINA;;;;;;;;;;;;;;;;;;;;;;
TAJIKISTAN;;;;;;;;;;;;;;;;;;;;;;
TANZANIA;;;;;;;;;;;;;;;;;;;;;;
TANZANIA UNITED REPUBLIC OF;;;;;;;;;;;;;;;;;;;;;;
TANZANIA, UNITED REPUBLIC OF;;;;;;;;;;;;;;;;;;;;;;
TANZANIE;;;;;;;;;;;;;;;;;;;;;;
TCHAD;;;;;;;;;;;;;;;;;;;;;;
TCHÈQUE  ( REP.);;;;;;;;;;;;;;;;;;;;;;
TERRE ADELIE;;;;;;;;;;;;;;;;;;;;;;
TERRE AUSTRALI E ANTART FRANCESI;;;;;;;;;;;;;;;;;;;;;;
TERRE AUSTRALI E ANTART. FRANCESI;;;;;;;;;;;;;;;;;;;;;;
TERRE AUSTRALI E ANTARTICHE FRANCESI;;;;;;;;;;;;;;;;;;;;;;
TERRIT BRIT DELL' OCEANO INDIANO;;;;;;;;;;;;;;;;;;;;;;
TERRIT BRIT DELL'OCEANO INDIANO;;;;;;;;;;;;;;;;;;;;;;
TERRIT BRIT DELLOCEANO INDIANO;;;;;;;;;;;;;;;;;;;;;;
TERRIT. BRIT. DELL' OCEANO INDIANO;;;;;;;;;;;;;;;;;;;;;;
TERRIT. BRIT. DELL'OCEANO INDIANO;;;;;;;;;;;;;;;;;;;;;;
TERRITORI PALESTINESI;;;;;;;;;;;;;;;;;;;;;;
TERRITORIO BRITANNICO DELL'OCEANO INDIANO;;;;;;;;;;;;;;;;;;;;;;
TERRITORIO BRITANNICO DELLOCEANO INDIAN;;;;;;;;;;;;;;;;;;;;;;
THAILAND;;;;;;;;;;;;;;;;;;;;;;
THAILANDE;;;;;;;;;;;;;;;;;;;;;;
THAÏLANDE;;;;;;;;;;;;;;;;;;;;;;
THAILANDIA;;;;;;;;;;;;;;;;;;;;;;
THE GAMBIA;;;;;;;;;;;;;;;;;;;;;;
TIMOR EST;;;;;;;;;;;;;;;;;;;;;;
TIMOR LESTE;;;;;;;;;;;;;;;;;;;;;;
TIMOR ORIENTAL;;;;;;;;;;;;;;;;;;;;;;
TIMOR ORIENTALE;;;;;;;;;;;;;;;;;;;;;;
TIMOR PORTOGHESE;;;;;;;;;;;;;;;;;;;;;;
TIMOR PORTUGUES;;;;;;;;;;;;;;;;;;;;;;
TINIAN;;;;;;;;;;;;;;;;;;;;;;
TOBAGO;;;;;;;;;;;;;;;;;;;;;;
TOGO;;;;;;;;;;;;;;;;;;;;;;
TOGOLESA;;;;;;;;;;;;;;;;;;;;;;
TOGOLESE REPUBLIC;;;;;;;;;;;;;;;;;;;;;;
TOKELAU;;;;;;;;;;;;;;;;;;;;;;
TOKELAU ISLANDS;;;;;;;;;;;;;;;;;;;;;;
TONGA;;;;;;;;;;;;;;;;;;;;;;
TRINIDAD;;;;;;;;;;;;;;;;;;;;;;
TRINIDAD AND TOBAGO;;;;;;;;;;;;;;;;;;;;;;
TRINIDAD E TOBAGO;;;;;;;;;;;;;;;;;;;;;;
TRINIDAD Y TOBAGO;;;;;;;;;;;;;;;;;;;;;;
TRINITE ET TOBAGO;;;;;;;;;;;;;;;;;;;;;;
TRINITÉ ET TOBAGO;;;;;;;;;;;;;;;;;;;;;;
TRISTAN DA CUNHA;;;;;;;;;;;;;;;;;;;;;;
TUNEZ;;;;;;;;;;;;;;;;;;;;;;
TUNISIA;;;;;;;;;;;;;;;;;;;;;;
TUNISIE;;;;;;;;;;;;;;;;;;;;;;
TURCHIA;;;;;;;;;;;;;;;;;;;;;;
TURKEY;;;;;;;;;;;;;;;;;;;;;;
TURKMENISTAN;;;;;;;;;;;;;;;;;;;;;;
TURKMÉNISTAN;;;;;;;;;;;;;;;;;;;;;;
TURKS;;;;;;;;;;;;;;;;;;;;;;
TURKS AND CAICOS ISLANDS;;;;;;;;;;;;;;;;;;;;;;
TURKS E CAICOS;;;;;;;;;;;;;;;;;;;;;;
TURKS ET CAIQUES;;;;;;;;;;;;;;;;;;;;;;
TURQUES E CAIQUES;;;;;;;;;;;;;;;;;;;;;;
TURQUIA;;;;;;;;;;;;;;;;;;;;;;
TURQUIE;;;;;;;;;;;;;;;;;;;;;;
TUVALU;;;;;;;;;;;;;;;;;;;;;;
U K;;;;;;;;;;;;;;;;;;;;;;
U S A;;;;;;;;;;;;;;;;;;;;;;
U.K.;;;;;;;;;;;;;;;;;;;;;;
U.S.A.;;;;;;;;;;;;;;;;;;;;;;
UCRAINA;;;;;;;;;;;;;;;;;;;;;;
UGANDA;;;;;;;;;;;;;;;;;;;;;;
UKRAINE;;;;;;;;;;;;;;;;;;;;;;
UKRAINIAN;;;;;;;;;;;;;;;;;;;;;;
UNGHERIA;;;;;;;;;;;;;;;;;;;;;;
UNITED ARAB EMIRATES;;;;;;;;;;;;;;;;;;;;;;
UNITED KINGDOM;;;;;;;;;;;;;;;;;;;;;;
UNITED STATES;;;;;;;;;;;;;;;;;;;;;;
UNITED STATES MINOR OUTLYING ISLANDS;;;;;;;;;;;;;;;;;;;;;;
UNITED STATES OF AMERICA;;;;;;;;;;;;;;;;;;;;;;
UNITED STATES VIRGIN ISLANDS;;;;;;;;;;;;;;;;;;;;;;
UPPER VOLTA;;;;;;;;;;;;;;;;;;;;;;
URUGUAY;;;;;;;;;;;;;;;;;;;;;;
USA;;;;;;;;;;;;;;;;;;;;;;
UZBEKISTAN;;;;;;;;;;;;;;;;;;;;;;
VANUATU;;;;;;;;;;;;;;;;;;;;;;
VATICAN;;;;;;;;;;;;;;;;;;;;;;
VATICAN CITY;;;;;;;;;;;;;;;;;;;;;;
VATICAN CITY STATE;;;;;;;;;;;;;;;;;;;;;;
VATICANO;;;;;;;;;;;;;;;;;;;;;;
VENEZUELA;;;;;;;;;;;;;;;;;;;;;;
VERGINI BRITANNICHE;;;;;;;;;;;;;;;;;;;;;;
VERGINI U S A;;;;;;;;;;;;;;;;;;;;;;
VERGINI U.S.A.;;;;;;;;;;;;;;;;;;;;;;
VIET NAM;;;;;;;;;;;;;;;;;;;;;;
VIETNAM;;;;;;;;;;;;;;;;;;;;;;
VIRGIN ISLANDS BRITISH;;;;;;;;;;;;;;;;;;;;;;
VIRGIN ISLANDS U S A;;;;;;;;;;;;;;;;;;;;;;
VIRGIN ISLANDS U.S.;;;;;;;;;;;;;;;;;;;;;;
VIRGIN ISLANDS U.S.A;;;;;;;;;;;;;;;;;;;;;;
VIRGIN ISLANDS, BRITISH;;;;;;;;;;;;;;;;;;;;;;
VIRGIN ISLANDS, U.S.;;;;;;;;;;;;;;;;;;;;;;
WAKE;;;;;;;;;;;;;;;;;;;;;;
WAKE ISLAND;;;;;;;;;;;;;;;;;;;;;;
WALLIS;;;;;;;;;;;;;;;;;;;;;;
WALLIS AND FUTUNA;;;;;;;;;;;;;;;;;;;;;;
WALLIS AND FUTUNA ISLANDS;;;;;;;;;;;;;;;;;;;;;;
WALLIS E FUTUNA;;;;;;;;;;;;;;;;;;;;;;
WESTERN SAHARA;;;;;;;;;;;;;;;;;;;;;;
WESTERN SAMOA;;;;;;;;;;;;;;;;;;;;;;
YEMEN;;;;;;;;;;;;;;;;;;;;;;
YÉMEN;;;;;;;;;;;;;;;;;;;;;;
YOUGOSLAVIE;;;;;;;;;;;;;;;;;;;;;;
YUGOSLAVIA;;;;;;;;;;;;;;;;;;;;;;
ZAIRE;;;;;;;;;;;;;;;;;;;;;;
ZAMBIA;;;;;;;;;;;;;;;;;;;;;;
ZAMBIE;;;;;;;;;;;;;;;;;;;;;;
ZIMBABWE;;;;;;;;;;;;;;;;;;;;;;
ZIMBAWE;;;;;;;;;;;;;;;;;;;;;;
